age,gender,foreign_worker,credit_amount,duration,employment,credit_history,savings,property,loan_approved
58,female,yes,11860,51,4-7,fair,none,car,0
48,male,yes,11070,67,>=7,perfect,500-1000,car,1
34,male,yes,10388,69,1-4,good,<500,car,1
62,male,yes,19156,15,<1,good,500-1000,none,1
27,male,yes,19135,45,<1,fair,<500,none,0
40,female,yes,15609,29,<1,perfect,>=1000,none,1
58,male,yes,17363,49,<1,fair,>=1000,none,0
38,female,yes,17923,65,1-4,poor,none,car,0
42,male,yes,15823,67,1-4,perfect,none,real_estate,0
30,female,yes,18845,22,1-4,perfect,none,car,1
30,male,yes,9547,70,1-4,perfect,<500,car,1
43,male,yes,12515,62,4-7,poor,500-1000,none,0
55,female,yes,1234,60,unemployed,fair,<500,none,0
59,female,no,15562,58,unemployed,good,<500,none,1
43,female,yes,18932,61,<1,perfect,none,none,0
22,male,yes,8480,14,1-4,fair,500-1000,none,1
41,female,yes,5213,27,<1,poor,>=1000,car,0
21,male,yes,11293,18,<1,poor,none,real_estate,0
43,female,no,2673,53,1-4,fair,<500,none,0
63,male,yes,3100,23,4-7,perfect,none,none,0
49,female,no,12849,45,unemployed,perfect,<500,car,1
57,female,yes,19199,22,4-7,perfect,<500,none,1
21,female,yes,4841,20,4-7,good,none,real_estate,1
40,male,yes,11197,20,4-7,perfect,<500,car,1
52,male,yes,9016,68,>=7,good,<500,real_estate,1
31,female,yes,8011,44,unemployed,good,<500,none,1
41,male,no,5493,18,<1,bad,<500,car,0
63,female,no,18058,37,>=7,fair,none,none,0
44,female,yes,9578,14,1-4,poor,500-1000,car,0
68,male,no,3158,45,1-4,fair,500-1000,none,0
46,female,no,3064,25,4-7,perfect,<500,none,1
61,male,yes,4253,68,4-7,fair,none,car,0
47,female,yes,13828,49,>=7,good,500-1000,car,1
35,female,yes,2401,43,>=7,fair,>=1000,real_estate,1
34,male,yes,16193,65,4-7,good,none,car,1
66,male,yes,13096,53,<1,bad,<500,car,0
63,female,yes,5214,23,>=7,good,none,none,0
22,male,yes,12023,21,unemployed,good,<500,car,1
56,male,yes,12950,60,<1,bad,none,car,0
26,male,yes,11704,44,>=7,perfect,<500,real_estate,1
40,male,no,11343,64,<1,fair,<500,real_estate,0
28,male,no,12867,67,<1,fair,<500,none,1
58,male,yes,3745,18,<1,poor,<500,real_estate,0
37,male,no,4866,11,>=7,bad,<500,none,0
23,female,yes,12956,65,1-4,bad,<500,none,0
44,male,yes,6818,19,4-7,perfect,none,car,0
33,male,yes,19606,59,<1,poor,none,none,0
69,male,yes,17093,9,4-7,fair,500-1000,car,0
28,male,yes,16493,44,4-7,fair,none,none,0
45,male,yes,18908,30,1-4,perfect,500-1000,none,1
21,female,yes,9224,37,1-4,fair,>=1000,car,1
39,female,yes,5025,64,<1,bad,none,car,0
47,male,yes,19950,68,>=7,bad,<500,real_estate,0
66,female,yes,7155,43,4-7,good,<500,car,0
26,female,yes,14839,58,>=7,perfect,500-1000,car,1
63,male,yes,1719,33,1-4,good,>=1000,none,1
27,female,yes,15890,8,4-7,poor,500-1000,none,0
66,female,yes,18356,27,4-7,fair,none,none,0
54,male,yes,19591,43,4-7,good,<500,car,1
33,male,yes,5426,67,>=7,perfect,<500,car,1
36,female,yes,13512,62,1-4,good,<500,none,1
55,female,yes,16064,11,<1,good,none,car,0
69,male,yes,14767,37,4-7,bad,none,car,0
59,female,yes,12308,15,4-7,fair,500-1000,none,0
23,female,yes,12477,8,1-4,good,<500,none,1
21,female,yes,13903,64,<1,fair,<500,real_estate,0
25,female,yes,9680,54,1-4,perfect,<500,car,1
61,female,yes,3204,64,1-4,bad,500-1000,real_estate,0
23,male,yes,2102,36,1-4,good,500-1000,none,1
48,male,yes,6243,67,4-7,good,none,real_estate,0
37,female,no,7614,57,4-7,good,none,none,1
45,female,yes,17299,46,<1,fair,none,none,0
63,male,yes,9707,36,1-4,fair,>=1000,real_estate,0
53,male,yes,14913,27,<1,fair,<500,none,0
29,female,yes,1630,9,<1,good,<500,car,1
55,male,yes,12908,18,4-7,good,<500,none,1
33,female,yes,11847,50,>=7,perfect,<500,car,1
50,female,yes,10171,47,1-4,fair,500-1000,real_estate,0
67,female,yes,13721,54,4-7,perfect,<500,none,0
34,male,yes,17661,25,>=7,fair,none,car,0
27,male,no,17616,59,4-7,poor,none,none,0
33,male,yes,10744,41,<1,poor,<500,car,0
42,male,yes,6690,6,>=7,good,>=1000,none,1
59,male,yes,14401,20,1-4,good,<500,none,1
40,male,yes,8659,22,1-4,perfect,500-1000,none,1
35,male,yes,11601,29,unemployed,fair,500-1000,none,1
64,male,yes,12704,63,1-4,poor,none,real_estate,0
37,male,yes,1025,28,<1,good,none,none,1
66,male,yes,16384,51,<1,good,none,none,0
43,male,yes,14705,13,1-4,poor,500-1000,none,0
45,female,no,9652,64,4-7,poor,none,none,0
44,female,yes,14379,64,>=7,good,<500,car,1
64,male,yes,8006,18,1-4,fair,<500,real_estate,0
60,female,yes,19378,44,>=7,perfect,500-1000,none,1
48,male,yes,9682,33,>=7,perfect,none,real_estate,0
34,female,yes,2072,66,4-7,bad,<500,car,0
64,male,yes,1215,21,<1,poor,<500,none,0
20,female,yes,10915,7,4-7,poor,<500,car,0
44,female,yes,10784,22,>=7,perfect,500-1000,car,1
26,female,yes,19990,35,4-7,poor,none,car,0
28,female,yes,15824,18,1-4,good,500-1000,real_estate,1
43,male,yes,4313,18,1-4,good,<500,none,1
20,male,no,12033,48,4-7,fair,<500,real_estate,1
63,female,yes,10968,26,1-4,perfect,<500,car,0
27,male,yes,17241,60,<1,poor,<500,none,0
43,female,no,6939,45,1-4,fair,none,car,0
30,male,yes,15696,20,4-7,perfect,<500,none,1
36,male,no,15794,57,>=7,perfect,<500,real_estate,1
27,male,yes,3295,58,<1,perfect,<500,car,1
54,male,no,2696,57,>=7,perfect,<500,none,1
54,female,yes,12185,35,1-4,fair,>=1000,none,0
52,male,yes,19330,38,4-7,poor,<500,car,0
24,male,yes,13001,62,4-7,perfect,none,none,1
61,male,no,15350,57,4-7,perfect,<500,none,1
58,male,no,4644,14,>=7,fair,500-1000,none,1
60,female,yes,7420,59,1-4,poor,500-1000,none,0
47,male,yes,12837,6,>=7,good,<500,none,1
26,male,no,7353,49,<1,good,500-1000,none,1
28,male,yes,11541,14,4-7,fair,none,none,0
27,female,yes,2932,37,4-7,good,<500,car,1
31,male,no,12486,20,4-7,perfect,500-1000,car,1
53,female,yes,2757,17,<1,fair,500-1000,none,0
52,female,yes,6085,62,>=7,fair,<500,none,0
67,male,yes,6637,13,<1,fair,500-1000,car,0
42,male,yes,2116,32,unemployed,fair,none,none,0
43,male,no,11759,67,4-7,fair,500-1000,none,1
56,male,yes,12691,17,1-4,good,<500,none,1
54,female,no,1492,70,4-7,good,none,real_estate,1
63,female,yes,9811,47,1-4,perfect,none,car,0
59,male,no,7474,67,<1,perfect,<500,car,1
41,male,yes,15385,16,4-7,fair,none,car,0
46,male,yes,10738,48,1-4,poor,<500,car,0
54,female,yes,14979,22,<1,bad,none,none,0
20,male,yes,12755,37,4-7,fair,none,car,0
54,male,yes,10797,45,1-4,perfect,<500,none,1
56,female,no,15607,28,4-7,perfect,<500,car,1
66,female,yes,13867,61,1-4,poor,<500,car,0
33,male,yes,8866,11,4-7,fair,500-1000,car,1
22,female,yes,16449,55,4-7,fair,500-1000,none,1
20,female,yes,11685,42,4-7,poor,500-1000,none,0
24,male,yes,6451,69,<1,fair,<500,car,0
45,male,no,9548,59,4-7,poor,500-1000,car,0
33,male,no,8186,54,4-7,perfect,none,real_estate,1
58,male,no,7102,16,4-7,fair,none,none,0
46,female,yes,1619,54,1-4,poor,<500,car,0
28,female,yes,1882,26,>=7,good,500-1000,car,1
34,male,yes,4642,71,4-7,fair,none,real_estate,0
34,male,yes,2296,68,<1,good,none,car,1
45,male,no,15122,33,1-4,bad,none,car,0
61,male,yes,3895,22,>=7,perfect,500-1000,car,1
32,female,yes,18313,11,unemployed,fair,<500,car,0
51,male,yes,6366,24,>=7,perfect,none,real_estate,0
58,male,yes,9711,61,4-7,fair,<500,none,0
68,male,no,19793,33,4-7,perfect,<500,none,1
51,female,yes,9199,71,<1,good,<500,real_estate,1
23,male,yes,11717,43,<1,good,none,car,1
49,female,no,4423,42,>=7,bad,500-1000,car,0
56,male,yes,11211,54,<1,good,<500,none,1
42,female,yes,13782,48,4-7,perfect,<500,none,1
58,female,yes,13474,41,1-4,poor,none,car,0
64,male,yes,4667,63,<1,fair,<500,car,0
34,male,yes,9277,18,unemployed,bad,<500,none,0
62,female,no,13424,57,1-4,perfect,<500,none,1
48,female,yes,19852,63,>=7,fair,none,real_estate,0
55,male,no,19020,37,1-4,good,500-1000,none,1
32,male,yes,9155,65,1-4,perfect,none,real_estate,1
51,female,yes,4583,63,1-4,fair,<500,none,0
26,male,yes,16515,61,1-4,fair,500-1000,car,1
41,male,yes,5009,33,1-4,poor,<500,real_estate,0
47,female,yes,11410,6,>=7,good,500-1000,car,1
21,male,no,19601,47,1-4,good,<500,none,1
61,male,yes,5967,53,1-4,good,<500,car,0
64,male,yes,19753,45,<1,bad,500-1000,none,0
25,male,yes,11695,68,>=7,good,none,none,1
47,male,yes,10135,9,<1,good,<500,real_estate,1
47,female,yes,6722,43,unemployed,good,500-1000,car,1
63,male,yes,16514,32,4-7,fair,<500,car,0
63,male,yes,12128,14,1-4,good,<500,none,0
39,male,yes,5444,21,1-4,bad,<500,none,0
49,male,yes,8618,61,1-4,good,500-1000,none,1
30,female,yes,19060,36,4-7,poor,>=1000,car,0
47,male,yes,2196,19,<1,perfect,<500,car,1
44,male,yes,13297,30,4-7,fair,<500,car,0
58,female,no,3787,39,4-7,bad,>=1000,real_estate,0
52,male,yes,8927,29,1-4,perfect,none,none,0
20,male,yes,3176,31,1-4,bad,none,none,0
46,male,yes,9792,25,<1,good,500-1000,none,1
32,male,no,10171,69,4-7,bad,500-1000,none,1
60,male,yes,3451,15,1-4,fair,500-1000,none,0
22,male,yes,1628,29,1-4,good,<500,real_estate,1
58,female,no,10821,10,1-4,perfect,none,none,1
25,male,yes,8778,63,>=7,good,<500,real_estate,1
27,male,yes,4696,32,1-4,perfect,none,none,1
46,female,yes,13972,20,>=7,perfect,none,real_estate,0
28,male,yes,9307,40,1-4,perfect,500-1000,car,1
56,female,no,5956,58,unemployed,good,none,real_estate,1
52,male,yes,11195,49,<1,poor,500-1000,none,0
61,male,yes,18076,31,1-4,perfect,<500,car,0
63,female,yes,2105,52,<1,perfect,<500,real_estate,0
43,male,yes,19545,39,unemployed,fair,none,none,0
34,male,yes,16417,55,>=7,perfect,<500,none,1
51,male,yes,15188,17,4-7,perfect,none,none,0
51,male,yes,13602,9,4-7,perfect,>=1000,real_estate,1
43,female,yes,10256,53,<1,bad,500-1000,car,0
60,male,yes,15212,60,<1,poor,<500,car,0
68,male,yes,2913,6,unemployed,good,none,none,0
68,male,yes,11593,71,4-7,fair,>=1000,none,0
31,female,yes,2772,35,>=7,fair,<500,real_estate,0
58,male,no,13996,8,1-4,fair,none,none,0
21,female,yes,3871,26,<1,fair,<500,car,0
22,male,yes,14234,54,1-4,fair,>=1000,real_estate,1
68,female,yes,18044,67,1-4,good,none,none,0
56,female,yes,11521,43,1-4,perfect,none,car,0
68,female,yes,11642,20,4-7,good,>=1000,none,1
36,female,yes,2132,57,4-7,poor,none,car,0
68,male,yes,1699,51,<1,fair,none,none,0
21,male,yes,15534,30,unemployed,poor,<500,car,0
21,male,yes,11230,26,>=7,bad,500-1000,none,0
47,male,yes,7297,10,<1,perfect,<500,none,1
42,male,yes,13839,52,unemployed,fair,>=1000,car,0
56,male,no,8812,23,<1,fair,<500,none,0
51,male,yes,5557,26,unemployed,bad,none,car,0
52,male,yes,3179,28,1-4,bad,>=1000,none,0
20,female,yes,12030,69,4-7,fair,<500,car,0
38,male,no,10065,45,1-4,good,none,none,1
21,female,yes,9275,15,1-4,poor,<500,car,0
63,female,no,18806,57,4-7,perfect,<500,none,1
45,female,yes,16089,66,1-4,poor,none,none,0
51,female,yes,4180,69,>=7,bad,none,none,0
25,female,no,7696,10,>=7,good,<500,car,1
51,female,yes,10583,58,unemployed,fair,500-1000,none,0
23,female,yes,17998,60,4-7,good,<500,real_estate,1
30,male,yes,14869,42,1-4,good,>=1000,real_estate,1
36,male,no,12757,61,>=7,good,none,none,1
57,male,yes,17654,64,1-4,poor,none,car,0
43,male,yes,13258,64,>=7,bad,none,none,0
24,female,yes,3468,7,4-7,bad,none,none,0
53,female,yes,15208,70,<1,perfect,none,car,0
25,female,yes,16042,65,1-4,poor,500-1000,car,0
41,male,no,16639,56,>=7,fair,>=1000,car,1
30,female,no,12546,35,>=7,good,>=1000,none,1
67,female,no,13327,16,unemployed,perfect,none,none,0
35,female,yes,15270,44,4-7,good,500-1000,none,1
52,female,yes,16523,68,1-4,bad,<500,car,0
28,female,yes,15300,69,unemployed,fair,none,car,0
25,male,yes,11775,66,1-4,fair,500-1000,car,1
35,female,yes,13265,59,<1,good,<500,none,1
48,male,no,17673,63,4-7,fair,none,none,0
22,male,yes,7614,61,1-4,perfect,<500,none,1
39,female,yes,4252,39,4-7,good,none,none,1
55,male,yes,8415,36,unemployed,fair,500-1000,none,0
38,female,yes,17662,57,1-4,perfect,<500,real_estate,1
45,male,yes,12116,6,<1,poor,>=1000,real_estate,0
22,female,yes,17964,60,<1,good,none,car,1
38,male,yes,5958,27,unemployed,fair,<500,none,0
39,female,yes,5276,45,<1,good,<500,none,1
51,female,yes,5776,6,1-4,fair,<500,real_estate,0
26,male,yes,18208,70,<1,perfect,<500,none,1
60,male,yes,4832,68,1-4,perfect,500-1000,real_estate,1
52,female,yes,15901,59,1-4,bad,500-1000,none,0
59,male,yes,6445,47,>=7,good,>=1000,none,1
58,male,yes,2380,26,>=7,poor,500-1000,real_estate,0
37,male,yes,10865,27,1-4,bad,500-1000,none,0
59,male,yes,14926,43,1-4,good,<500,car,1
20,female,no,12580,13,<1,good,500-1000,car,1
30,female,yes,6634,67,>=7,fair,<500,none,0
47,male,yes,6810,52,unemployed,bad,<500,none,0
44,male,yes,11179,22,<1,bad,<500,car,0
69,female,yes,13251,22,<1,fair,<500,car,0
42,male,yes,14131,18,1-4,poor,none,none,0
50,male,yes,13707,22,<1,perfect,>=1000,real_estate,1
49,female,yes,19233,43,4-7,bad,<500,none,0
61,female,yes,3749,50,<1,bad,none,none,0
54,female,yes,14156,11,4-7,perfect,<500,none,1
26,female,yes,17589,40,<1,good,none,none,1
35,male,yes,4450,19,unemployed,perfect,none,none,1
45,female,yes,8214,66,>=7,good,none,real_estate,0
67,male,yes,12814,20,<1,poor,<500,none,0
68,male,yes,6141,59,4-7,good,<500,none,0
21,male,yes,3708,32,1-4,perfect,500-1000,none,1
20,male,no,19375,18,unemployed,good,500-1000,car,1
67,female,yes,16088,36,>=7,bad,<500,real_estate,0
31,male,no,12834,40,<1,fair,<500,none,1
24,male,yes,13278,65,>=7,good,<500,none,1
56,male,yes,11014,11,<1,perfect,500-1000,none,1
51,male,yes,4273,63,>=7,bad,none,none,0
28,female,yes,15367,54,unemployed,poor,none,none,0
60,male,yes,5538,28,1-4,good,500-1000,none,1
54,female,yes,13541,39,4-7,perfect,<500,none,1
38,male,yes,9712,31,>=7,perfect,none,car,1
67,male,no,10168,52,>=7,perfect,none,none,0
35,female,yes,4551,10,4-7,fair,>=1000,real_estate,1
22,male,yes,13297,25,>=7,bad,500-1000,real_estate,0
39,female,yes,11965,11,<1,good,500-1000,car,1
43,male,yes,3832,64,<1,poor,<500,none,0
52,male,yes,14422,69,<1,good,<500,none,1
43,female,yes,1152,23,1-4,fair,>=1000,none,0
30,male,yes,12156,9,1-4,fair,>=1000,car,1
68,male,yes,12108,22,1-4,perfect,none,none,0
27,female,no,3800,19,<1,good,500-1000,real_estate,1
55,male,yes,6310,18,4-7,fair,none,real_estate,0
57,female,yes,10944,12,<1,perfect,none,none,0
59,male,no,3610,49,1-4,good,<500,car,1
39,female,yes,13067,20,1-4,fair,<500,none,0
54,female,yes,2104,24,4-7,bad,>=1000,none,0
67,female,no,11728,68,4-7,good,none,none,0
44,female,yes,8263,40,4-7,poor,<500,none,0
54,male,yes,2914,40,<1,good,>=1000,real_estate,1
44,female,yes,1406,24,1-4,poor,>=1000,none,0
48,male,yes,14689,25,unemployed,fair,none,none,0
37,male,yes,1166,40,1-4,poor,<500,car,0
65,male,no,1508,37,1-4,good,<500,car,1
37,male,yes,19045,53,unemployed,fair,none,none,0
21,male,yes,4664,49,<1,fair,>=1000,real_estate,1
54,female,no,14050,29,>=7,good,>=1000,car,1
35,female,yes,1680,66,>=7,perfect,none,none,1
60,female,yes,19908,22,1-4,perfect,none,none,0
55,male,yes,19504,55,unemployed,perfect,none,none,0
52,female,yes,5357,70,<1,poor,>=1000,real_estate,0
23,male,yes,2363,37,1-4,good,none,car,1
52,male,no,10523,41,>=7,good,<500,real_estate,1
33,male,yes,3292,18,<1,fair,<500,none,0
40,male,yes,2538,63,4-7,good,<500,none,1
67,female,yes,4408,19,<1,fair,none,none,0
39,male,no,9752,42,>=7,perfect,none,none,1
27,male,no,19287,45,1-4,bad,>=1000,car,1
26,male,yes,1174,64,4-7,poor,>=1000,car,0
22,male,yes,3230,21,1-4,poor,500-1000,none,0
36,male,yes,5287,67,4-7,good,none,none,1
52,female,yes,13112,9,<1,poor,<500,none,0
67,male,yes,8106,50,<1,perfect,<500,none,0
31,male,yes,10689,33,>=7,perfect,none,none,1
41,male,no,13046,71,>=7,perfect,>=1000,none,1
41,female,yes,18951,36,>=7,fair,<500,none,0
65,female,yes,2151,8,4-7,good,none,none,0
49,female,yes,8619,13,4-7,fair,>=1000,none,0
57,female,yes,7033,29,unemployed,perfect,>=1000,none,1
57,male,yes,9560,20,1-4,good,none,car,0
64,male,yes,5946,48,1-4,fair,<500,none,0
27,female,yes,2907,36,4-7,good,<500,real_estate,1
46,female,yes,4490,50,1-4,fair,<500,none,0
46,female,no,19919,71,<1,good,none,none,1
53,female,yes,5173,13,1-4,poor,<500,none,0
40,female,yes,12065,62,4-7,fair,>=1000,none,0
49,female,no,18677,35,1-4,good,<500,real_estate,1
52,female,yes,5769,23,<1,good,none,none,0
47,female,yes,5796,44,<1,fair,<500,real_estate,0
66,female,no,14046,65,<1,poor,<500,real_estate,0
52,female,yes,15211,48,<1,good,500-1000,car,1
24,male,yes,5997,50,4-7,good,<500,car,1
67,female,yes,18376,28,4-7,poor,none,car,0
38,male,yes,9112,11,4-7,fair,none,none,0
23,male,yes,6287,61,1-4,good,500-1000,car,1
54,female,yes,11578,9,4-7,good,none,none,0
68,male,yes,19624,28,<1,good,500-1000,none,1
36,male,yes,18860,11,1-4,fair,none,none,0
63,male,yes,7426,37,4-7,good,<500,car,0
47,male,yes,12599,23,<1,bad,<500,real_estate,0
49,female,yes,1389,20,<1,good,>=1000,none,1
48,male,no,1999,45,>=7,good,>=1000,real_estate,1
65,male,yes,13812,11,1-4,fair,none,none,0
25,male,no,16599,68,4-7,bad,<500,none,0
54,female,yes,2855,16,unemployed,poor,none,none,0
60,female,yes,9125,48,4-7,good,<500,none,0
56,male,yes,14794,22,1-4,fair,<500,none,0
43,male,no,3763,9,unemployed,fair,>=1000,car,1
48,male,yes,5986,68,4-7,good,>=1000,real_estate,1
68,female,yes,2481,46,<1,perfect,<500,none,0
65,female,yes,4731,10,1-4,good,<500,none,0
50,male,yes,17835,37,unemployed,good,500-1000,real_estate,1
54,male,yes,18266,40,<1,bad,500-1000,car,0
52,male,no,11758,27,<1,good,none,none,1
40,female,no,17311,70,unemployed,bad,<500,none,0
51,male,yes,9566,27,>=7,fair,<500,real_estate,0
42,male,yes,12889,16,unemployed,fair,none,car,0
52,male,yes,12254,8,1-4,fair,none,none,0
22,male,yes,12442,14,<1,perfect,none,none,1
37,female,yes,14521,65,1-4,good,<500,real_estate,1
44,male,yes,5559,19,>=7,perfect,none,none,0
61,female,yes,17199,23,<1,fair,none,real_estate,0
50,female,no,8291,28,>=7,good,none,none,1
22,male,yes,9160,52,<1,poor,500-1000,car,0
59,male,yes,1112,52,4-7,good,500-1000,none,1
65,female,yes,16924,35,1-4,perfect,<500,none,0
43,male,yes,17523,30,>=7,good,<500,real_estate,1
69,male,yes,2424,33,1-4,bad,>=1000,none,0
51,female,yes,11808,30,1-4,fair,none,car,0
66,male,yes,7043,63,<1,good,none,none,0
41,male,no,7989,46,<1,fair,none,none,0
42,male,yes,7261,30,>=7,perfect,none,none,0
21,female,yes,1887,53,1-4,bad,<500,car,0
46,male,yes,17433,15,1-4,fair,>=1000,none,0
61,male,yes,17402,16,4-7,good,<500,none,0
21,male,yes,13253,26,1-4,fair,<500,none,0
45,male,no,19990,50,>=7,perfect,>=1000,car,1
36,male,yes,8846,12,4-7,bad,none,car,0
59,male,yes,7432,69,1-4,perfect,none,none,0
52,male,yes,14452,69,>=7,fair,<500,none,0
28,male,yes,14395,7,unemployed,good,<500,real_estate,1
62,male,yes,4765,47,<1,fair,none,none,0
67,male,yes,19822,59,1-4,poor,<500,real_estate,0
58,male,no,16950,21,<1,fair,<500,real_estate,0
48,male,yes,13502,23,4-7,fair,<500,car,0
61,female,yes,10741,64,>=7,poor,<500,none,0
45,male,yes,6941,21,1-4,perfect,<500,real_estate,1
54,male,no,5855,11,1-4,good,none,car,1
69,male,yes,16166,62,>=7,good,<500,car,0
44,female,yes,6788,52,1-4,bad,none,none,0
43,female,yes,1201,53,1-4,good,>=1000,none,1
32,male,yes,11561,47,1-4,fair,<500,none,0
26,male,yes,17901,65,>=7,fair,<500,car,0
55,female,yes,8737,9,1-4,good,500-1000,car,1
64,male,yes,2988,7,4-7,good,<500,none,0
39,male,yes,16441,64,4-7,good,<500,none,1
20,male,no,12737,32,1-4,good,500-1000,none,1
27,male,yes,15256,32,1-4,good,500-1000,car,1
65,female,yes,8162,12,4-7,perfect,<500,real_estate,0
35,female,yes,14065,68,1-4,poor,none,none,0
33,male,yes,15114,51,4-7,bad,<500,none,0
31,male,yes,9399,68,>=7,good,500-1000,none,1
42,female,yes,6633,17,4-7,good,none,car,0
34,female,yes,6755,18,4-7,perfect,none,car,1
47,female,yes,11825,48,4-7,fair,500-1000,real_estate,0
53,female,yes,5117,22,4-7,poor,none,none,0
21,female,yes,2518,68,1-4,perfect,500-1000,real_estate,1
51,female,yes,17346,41,unemployed,perfect,<500,none,1
42,male,yes,3600,13,1-4,poor,<500,car,0
41,male,yes,14237,41,4-7,fair,none,none,0
44,female,yes,19579,33,1-4,perfect,500-1000,real_estate,1
41,male,yes,4554,52,4-7,fair,<500,car,0
41,female,yes,17193,35,1-4,good,<500,car,1
68,male,yes,16253,28,4-7,good,<500,real_estate,0
61,male,yes,17194,21,<1,poor,500-1000,none,0
25,male,yes,2742,19,4-7,poor,>=1000,none,0
34,male,yes,2306,57,1-4,good,<500,real_estate,1
62,female,yes,4849,42,<1,bad,<500,none,0
56,female,yes,13360,34,<1,good,>=1000,none,1
52,female,yes,13768,20,4-7,poor,<500,none,0
27,female,no,14032,52,1-4,good,none,car,1
63,male,yes,5195,51,<1,poor,none,none,0
63,male,yes,19939,57,>=7,bad,500-1000,none,0
24,male,yes,19689,24,4-7,perfect,<500,none,1
58,male,yes,8619,26,>=7,bad,<500,none,0
23,male,yes,10280,69,1-4,poor,<500,real_estate,0
25,male,yes,3642,42,1-4,poor,none,real_estate,0
64,male,no,10369,32,>=7,good,<500,car,1
51,female,yes,15296,60,1-4,poor,none,none,0
49,female,yes,16438,34,4-7,poor,<500,real_estate,0
66,male,yes,16674,25,<1,good,<500,car,0
54,female,yes,5757,30,1-4,bad,<500,none,0
59,female,yes,3994,68,<1,perfect,500-1000,real_estate,1
35,male,yes,16226,41,<1,perfect,500-1000,car,1
32,female,no,2271,7,unemployed,fair,500-1000,car,1
69,female,yes,2813,27,unemployed,fair,none,car,0
61,male,yes,19845,21,>=7,fair,none,none,0
49,male,no,9475,23,<1,perfect,<500,none,1
38,male,no,5396,59,4-7,bad,>=1000,car,1
36,male,yes,10283,35,4-7,perfect,500-1000,none,1
38,male,yes,14318,50,1-4,perfect,500-1000,none,1
47,female,yes,18200,24,<1,perfect,<500,car,1
45,male,no,1082,39,4-7,fair,<500,car,0
56,male,yes,2920,18,4-7,bad,<500,none,0
45,female,yes,8817,48,4-7,fair,none,car,0
42,female,yes,12683,67,4-7,poor,none,real_estate,0
28,male,yes,12336,27,>=7,perfect,>=1000,car,1
31,male,no,16596,57,1-4,fair,none,none,0
20,male,no,3093,57,1-4,good,none,none,1
20,female,yes,13905,41,4-7,good,none,none,1
66,male,yes,9367,24,unemployed,perfect,>=1000,none,1
53,male,yes,6285,43,>=7,fair,<500,none,0
51,female,yes,11896,62,<1,fair,<500,none,0
67,male,yes,5937,25,1-4,poor,>=1000,none,0
44,female,no,17753,14,4-7,good,<500,real_estate,1
59,female,yes,19202,37,1-4,perfect,<500,none,1
64,male,yes,19485,9,1-4,fair,none,car,0
20,female,no,13977,55,1-4,perfect,none,car,1
35,male,yes,19163,10,>=7,poor,500-1000,none,0
58,female,yes,8674,25,1-4,fair,500-1000,real_estate,0
24,male,no,18748,42,>=7,perfect,<500,car,1
41,female,yes,4676,27,unemployed,bad,<500,none,0
48,male,yes,3426,63,4-7,fair,<500,car,0
22,female,no,3962,49,4-7,perfect,none,none,1
31,female,no,1859,39,<1,fair,none,car,0
45,male,yes,13048,47,1-4,good,none,none,0
35,female,yes,5138,14,<1,poor,none,real_estate,0
56,male,yes,3424,12,4-7,poor,500-1000,none,0
41,male,no,11409,24,1-4,bad,none,car,0
48,male,no,5017,36,4-7,fair,none,none,0
33,male,yes,11451,40,<1,good,<500,car,1
47,male,yes,11278,62,<1,poor,500-1000,car,0
24,female,yes,11996,66,unemployed,perfect,none,none,1
66,male,yes,2134,36,1-4,fair,none,car,0
68,female,yes,6119,58,1-4,fair,<500,none,0
49,male,yes,6694,37,>=7,perfect,500-1000,real_estate,1
65,female,no,5164,71,4-7,good,<500,none,1
24,female,yes,19730,64,1-4,poor,500-1000,real_estate,0
31,male,yes,6039,15,>=7,poor,>=1000,real_estate,0
35,female,yes,15631,7,4-7,perfect,500-1000,none,1
45,male,yes,11442,71,>=7,perfect,<500,none,1
45,female,yes,9252,65,1-4,good,<500,none,1
67,male,yes,18721,22,<1,poor,none,real_estate,0
40,female,no,18568,21,unemployed,perfect,>=1000,none,1
58,male,no,2551,21,4-7,fair,<500,car,0
55,male,yes,13625,51,<1,perfect,none,real_estate,0
52,female,yes,2629,44,1-4,fair,<500,none,0
49,male,yes,18910,36,1-4,good,none,car,0
56,male,yes,2361,6,1-4,poor,<500,none,0
42,male,yes,5370,16,4-7,good,<500,none,1
29,male,yes,6283,9,<1,fair,<500,car,0
24,male,yes,8610,31,1-4,good,500-1000,none,1
55,male,yes,11558,55,4-7,fair,none,none,0
53,male,yes,15924,17,>=7,poor,<500,real_estate,0
50,male,no,15839,70,4-7,perfect,<500,none,1
29,female,yes,12949,52,>=7,poor,<500,real_estate,0
38,male,yes,11626,58,4-7,fair,500-1000,real_estate,1
51,male,yes,2993,7,1-4,perfect,<500,none,1
20,male,no,1869,29,<1,good,<500,none,1
24,male,yes,2014,9,4-7,perfect,none,car,1
64,female,yes,11103,24,4-7,fair,>=1000,none,0
23,male,yes,17986,31,4-7,poor,<500,none,0
35,male,yes,13013,45,1-4,perfect,500-1000,car,1
43,female,yes,1690,55,1-4,fair,none,none,0
35,female,yes,17873,48,1-4,poor,none,real_estate,0
21,male,no,11748,17,1-4,bad,<500,none,0
68,female,yes,9024,32,<1,fair,500-1000,none,0
47,female,no,17678,59,4-7,bad,<500,none,0
51,male,yes,6488,71,<1,fair,>=1000,real_estate,0
46,female,no,12035,54,unemployed,good,<500,car,1
39,female,yes,19257,21,1-4,poor,<500,real_estate,0
43,male,no,13855,7,4-7,good,none,none,1
31,male,yes,3817,65,1-4,good,500-1000,none,1
69,male,yes,5458,59,<1,good,none,none,0
54,female,yes,6307,35,1-4,poor,500-1000,none,0
52,female,yes,9933,43,1-4,poor,>=1000,car,0
52,female,yes,19425,33,>=7,good,>=1000,car,1
62,male,yes,18063,30,>=7,good,<500,none,0
56,female,yes,11659,15,1-4,good,<500,real_estate,1
31,male,yes,6738,65,1-4,fair,500-1000,none,1
22,male,no,6668,47,4-7,good,none,real_estate,1
20,male,yes,15427,45,unemployed,poor,<500,none,0
52,female,yes,8697,47,1-4,good,none,none,0
59,male,yes,17446,52,1-4,good,<500,none,1
29,female,yes,8829,42,>=7,perfect,none,none,1
62,male,no,11751,27,unemployed,good,none,car,0
63,male,yes,14450,62,1-4,bad,<500,none,0
48,male,yes,8352,32,4-7,good,<500,none,1
32,male,no,14516,46,1-4,perfect,<500,car,1
31,female,no,9326,39,unemployed,good,none,car,1
50,male,yes,4644,37,>=7,good,<500,real_estate,1
65,female,no,9003,71,1-4,perfect,none,none,0
21,male,no,4278,17,4-7,good,<500,car,1
69,female,yes,8296,45,<1,fair,<500,car,0
54,male,yes,4074,15,1-4,fair,<500,none,0
42,female,yes,14261,53,1-4,good,500-1000,none,1
36,female,yes,12173,25,unemployed,good,<500,none,1
45,male,yes,9312,44,<1,bad,500-1000,none,0
27,male,yes,2637,65,4-7,good,<500,none,1
48,female,yes,14652,71,<1,good,<500,none,1
45,female,yes,6103,70,<1,good,<500,car,1
29,male,yes,18028,56,1-4,good,none,car,1
45,female,yes,3032,41,4-7,poor,<500,real_estate,0
53,female,yes,3761,29,unemployed,good,<500,car,1
60,female,yes,16195,32,1-4,fair,<500,none,0
26,female,yes,19452,7,<1,perfect,none,real_estate,1
23,female,no,17625,36,unemployed,good,none,real_estate,1
69,male,yes,3668,62,unemployed,poor,>=1000,none,0
64,male,yes,15638,71,4-7,good,<500,car,0
30,male,yes,16954,34,<1,fair,none,real_estate,0
48,female,yes,18186,20,unemployed,good,<500,car,1
55,female,yes,13356,17,1-4,fair,<500,real_estate,0
44,male,no,1195,33,4-7,perfect,500-1000,none,1
40,female,no,3187,29,<1,poor,none,none,0
55,female,yes,12707,26,1-4,perfect,none,none,0
29,male,yes,3330,15,unemployed,poor,500-1000,car,0
56,male,no,4606,23,1-4,good,none,real_estate,1
28,male,yes,1060,19,1-4,fair,none,real_estate,0
43,male,yes,15387,39,1-4,good,>=1000,none,1
54,male,no,4927,63,1-4,bad,<500,none,0
68,male,yes,7296,27,1-4,perfect,none,real_estate,0
54,male,yes,14622,41,<1,perfect,none,car,0
67,male,yes,15125,50,1-4,good,none,none,0
55,male,yes,3591,41,unemployed,perfect,none,none,0
37,male,yes,13127,27,4-7,perfect,500-1000,car,1
68,female,yes,16748,66,>=7,bad,<500,car,0
58,male,yes,7121,61,>=7,bad,500-1000,none,0
51,female,yes,2200,38,>=7,good,>=1000,none,1
43,female,yes,16721,50,4-7,bad,<500,real_estate,0
42,male,yes,12087,41,4-7,fair,none,car,0
51,male,yes,7972,25,<1,good,<500,none,1
56,male,yes,1136,23,4-7,fair,>=1000,none,0
31,male,no,18413,43,1-4,fair,500-1000,car,1
68,female,yes,16346,28,1-4,bad,none,none,0
32,male,no,19978,21,4-7,good,<500,none,1
42,male,yes,1661,64,<1,fair,<500,car,0
44,male,yes,3472,26,1-4,perfect,>=1000,none,1
54,male,yes,1086,17,>=7,perfect,none,car,0
60,female,no,11704,21,unemployed,perfect,<500,none,1
49,male,yes,7219,19,1-4,bad,500-1000,car,0
36,male,yes,17322,66,>=7,poor,<500,none,0
68,male,yes,15749,51,4-7,poor,<500,none,0
39,female,yes,7968,37,1-4,fair,none,none,0
67,male,yes,14596,20,<1,good,none,real_estate,0
44,male,no,2700,49,1-4,perfect,<500,real_estate,1
41,female,yes,3700,22,>=7,good,>=1000,none,1
32,male,yes,12821,46,1-4,good,none,car,1
38,female,yes,19031,59,1-4,poor,<500,car,0
68,female,yes,6520,49,unemployed,fair,<500,real_estate,0
55,female,yes,12510,10,unemployed,perfect,none,none,0
31,female,yes,4687,32,>=7,perfect,<500,car,1
60,female,yes,17980,48,1-4,perfect,500-1000,none,1
38,female,no,9837,36,4-7,good,500-1000,none,1
31,female,yes,15955,22,unemployed,bad,<500,real_estate,0
28,female,yes,12281,59,4-7,fair,<500,car,0
26,male,yes,14917,67,>=7,poor,none,none,0
47,male,no,5757,37,1-4,good,>=1000,none,1
33,male,yes,14045,45,<1,good,none,car,1
50,male,yes,9912,18,1-4,perfect,500-1000,car,1
38,male,no,5733,40,4-7,poor,none,none,0
66,male,yes,8081,10,1-4,poor,>=1000,real_estate,0
35,male,yes,9690,34,>=7,perfect,500-1000,none,1
24,female,yes,2673,30,4-7,fair,500-1000,none,1
54,female,no,15318,27,>=7,good,none,real_estate,1
31,male,yes,12171,71,4-7,fair,<500,none,0
44,male,yes,14545,50,<1,bad,<500,none,0
40,female,yes,12803,6,1-4,fair,500-1000,car,0
55,male,yes,3294,49,<1,fair,none,real_estate,0
42,female,yes,4630,44,>=7,perfect,>=1000,none,1
35,male,yes,16093,59,4-7,perfect,500-1000,real_estate,1
58,male,yes,17530,34,4-7,perfect,none,car,0
64,female,yes,15453,59,1-4,perfect,500-1000,none,1
61,male,yes,13174,21,<1,fair,<500,car,0
58,female,yes,4453,25,4-7,fair,<500,none,0
33,female,no,5507,51,1-4,perfect,<500,none,1
50,male,yes,11602,70,<1,poor,<500,car,0
24,female,no,6628,63,4-7,perfect,500-1000,real_estate,1
54,female,no,9328,58,unemployed,good,<500,none,1
42,male,yes,16534,6,1-4,good,<500,none,1
48,female,yes,4552,71,1-4,good,<500,none,1
62,male,yes,17402,34,<1,good,500-1000,none,1
30,female,yes,3242,13,>=7,good,none,none,1
37,female,yes,15665,34,<1,good,500-1000,none,1
66,male,yes,6097,56,<1,bad,<500,car,0
31,female,yes,9640,38,<1,perfect,none,none,1
28,female,no,2948,8,4-7,perfect,none,none,1
29,female,yes,6618,65,1-4,perfect,<500,real_estate,1
63,female,no,5236,40,1-4,fair,500-1000,real_estate,0
36,female,yes,2920,25,unemployed,perfect,<500,none,1
57,male,no,12169,44,unemployed,poor,500-1000,none,0
26,female,yes,5188,9,1-4,fair,none,car,0
65,male,yes,13207,24,4-7,fair,<500,none,0
32,male,yes,1238,50,>=7,fair,>=1000,none,1
59,female,yes,1204,48,unemployed,perfect,500-1000,car,1
61,male,yes,11799,18,1-4,perfect,none,none,0
28,male,no,6552,18,>=7,good,<500,none,1
69,male,yes,5927,65,1-4,fair,none,none,0
46,male,yes,12164,62,4-7,good,<500,none,1
21,female,yes,5390,57,<1,perfect,500-1000,none,1
24,male,no,16641,58,>=7,bad,500-1000,real_estate,1
48,female,yes,7160,48,4-7,perfect,none,none,0
56,male,yes,16810,47,>=7,poor,>=1000,none,0
57,female,yes,6126,31,4-7,poor,<500,none,0
38,male,yes,1816,28,1-4,good,<500,real_estate,1
27,male,yes,14414,48,>=7,perfect,<500,car,1
67,female,no,1192,33,<1,perfect,<500,none,1
64,female,yes,19160,14,1-4,fair,<500,real_estate,0
20,male,no,4645,25,4-7,fair,<500,none,1
41,male,yes,13816,61,4-7,poor,<500,none,0
36,male,yes,7314,44,>=7,bad,none,none,0
26,male,no,19172,56,<1,fair,500-1000,none,1
44,female,yes,8374,17,4-7,perfect,<500,none,1
64,male,no,4700,60,4-7,good,none,car,0
23,male,yes,11655,16,unemployed,poor,500-1000,none,0
55,male,yes,16129,31,1-4,good,>=1000,car,1
25,male,no,10359,47,<1,perfect,>=1000,none,1
50,male,yes,4893,32,1-4,fair,<500,none,0
38,male,yes,7811,16,>=7,good,none,none,1
63,male,yes,10288,43,4-7,bad,<500,real_estate,0
58,male,yes,1504,48,4-7,fair,none,none,0
46,female,no,10813,24,>=7,perfect,>=1000,car,1
29,male,yes,15671,69,1-4,bad,none,none,0
45,female,yes,11738,11,4-7,good,none,none,0
38,male,yes,12186,51,1-4,good,<500,none,1
58,female,yes,7773,47,>=7,good,<500,none,1
22,female,yes,4816,70,<1,perfect,500-1000,none,1
64,female,yes,1717,64,>=7,good,<500,none,0
32,female,no,12676,57,<1,perfect,none,car,1
69,male,yes,5434,52,1-4,good,none,none,0
47,male,yes,18042,12,4-7,good,<500,car,1
39,male,yes,6057,16,1-4,poor,none,none,0
47,male,yes,5994,66,4-7,poor,<500,car,0
27,male,yes,5234,30,1-4,perfect,<500,car,1
60,male,yes,4764,17,4-7,good,500-1000,none,1
58,female,yes,12181,31,<1,good,>=1000,none,1
20,male,yes,5637,17,unemployed,perfect,>=1000,car,1
22,female,yes,3104,48,<1,poor,>=1000,real_estate,0
32,female,no,10447,56,1-4,fair,none,none,0
47,female,no,11674,42,<1,perfect,none,none,1
68,male,no,19991,51,1-4,good,<500,real_estate,1
44,male,yes,9385,58,1-4,perfect,500-1000,none,1
52,male,yes,12999,18,unemployed,fair,>=1000,car,0
57,male,yes,4719,59,1-4,perfect,500-1000,none,1
25,female,yes,3581,62,>=7,bad,none,none,0
63,male,yes,19949,9,<1,poor,>=1000,car,0
64,female,no,3763,54,1-4,good,<500,car,1
51,male,no,6991,12,4-7,fair,none,none,0
64,female,yes,11531,16,1-4,bad,<500,none,0
66,female,yes,12064,59,4-7,fair,none,car,0
40,male,no,12312,50,1-4,perfect,<500,car,1
35,male,yes,5780,28,1-4,good,<500,none,1
40,male,yes,5177,33,unemployed,poor,<500,car,0
30,male,no,16169,62,4-7,fair,<500,car,1
56,male,yes,7476,31,4-7,fair,500-1000,car,0
55,male,yes,19988,30,unemployed,poor,<500,car,0
54,male,yes,3382,59,1-4,poor,<500,none,0
38,male,no,17915,34,>=7,bad,500-1000,car,1
39,male,yes,13508,41,1-4,perfect,>=1000,car,1
37,female,yes,1634,19,1-4,fair,none,none,0
66,male,yes,12996,40,>=7,fair,<500,none,0
60,female,yes,15162,35,4-7,poor,none,none,0
68,male,yes,17386,22,1-4,fair,none,car,0
33,male,yes,15005,35,4-7,perfect,<500,none,1
34,female,yes,9397,50,>=7,poor,500-1000,car,0
50,male,no,13327,56,1-4,fair,none,real_estate,0
20,male,yes,15394,52,1-4,perfect,500-1000,car,1
22,male,yes,3890,58,1-4,good,500-1000,real_estate,1
35,male,yes,11858,69,>=7,perfect,>=1000,real_estate,1
42,male,yes,9026,43,4-7,good,none,none,0
30,male,yes,4306,69,unemployed,perfect,>=1000,car,1
31,female,yes,1897,12,>=7,good,<500,none,1
29,male,yes,10277,27,1-4,fair,<500,real_estate,0
51,male,yes,10471,46,unemployed,fair,none,none,0
35,male,yes,15896,15,1-4,fair,none,real_estate,0
27,female,yes,16240,62,1-4,poor,500-1000,car,0
57,male,no,15683,12,>=7,good,<500,car,1
31,male,yes,1670,55,<1,perfect,none,none,1
43,male,yes,18889,57,4-7,poor,none,none,0
47,female,yes,12767,38,1-4,perfect,<500,car,1
27,male,yes,14006,6,unemployed,bad,none,none,0
47,male,yes,16768,58,>=7,poor,500-1000,real_estate,0
55,male,yes,17633,65,1-4,fair,none,none,0
45,female,yes,2892,39,<1,bad,none,car,0
27,male,yes,4439,9,1-4,perfect,<500,none,1
69,male,no,3854,22,>=7,good,<500,car,1
47,female,yes,12577,9,1-4,fair,<500,car,0
47,female,no,12763,48,<1,good,<500,none,1
56,male,yes,12618,9,<1,bad,>=1000,none,0
60,female,yes,9235,6,<1,perfect,<500,none,0
55,male,yes,3618,55,4-7,fair,none,car,0
46,male,yes,4163,66,1-4,fair,<500,car,0
36,male,no,3942,40,<1,fair,500-1000,car,1
28,female,yes,2925,13,<1,good,<500,car,1
52,male,no,3972,29,1-4,good,none,none,1
39,male,yes,12705,41,>=7,poor,500-1000,none,0
32,male,yes,11640,55,1-4,perfect,<500,none,1
47,female,yes,11966,48,>=7,poor,<500,none,0
67,male,yes,18374,32,1-4,fair,none,real_estate,0
48,male,no,12138,37,<1,poor,none,real_estate,0
32,male,yes,19196,23,>=7,fair,<500,none,0
65,male,yes,16935,33,1-4,good,none,car,0
54,male,yes,14145,34,4-7,fair,<500,real_estate,0
25,female,yes,1489,21,>=7,poor,<500,none,0
37,male,yes,12748,52,unemployed,good,none,none,1
24,male,yes,4516,64,unemployed,bad,>=1000,none,0
66,female,no,7410,36,4-7,good,500-1000,car,1
44,male,yes,1053,9,<1,perfect,500-1000,real_estate,1
21,male,yes,19959,42,<1,good,none,car,1
29,female,yes,17999,22,unemployed,bad,none,none,0
49,male,yes,6944,44,unemployed,good,<500,none,1
69,male,no,8404,53,4-7,poor,none,car,0
64,male,yes,1954,51,<1,poor,>=1000,real_estate,0
24,male,yes,11625,53,1-4,good,none,car,1
52,male,yes,2629,44,4-7,perfect,<500,car,1
20,male,yes,11973,9,1-4,fair,<500,none,0
37,male,yes,7859,35,unemployed,good,<500,real_estate,1
51,male,no,9841,35,4-7,poor,none,car,0
66,female,yes,11539,27,unemployed,good,<500,none,0
68,female,no,13682,71,4-7,good,none,car,0
30,male,yes,4278,17,>=7,poor,500-1000,none,0
40,male,yes,19945,41,1-4,good,none,none,0
45,female,yes,7539,23,1-4,good,>=1000,none,1
44,male,yes,17754,58,1-4,good,500-1000,none,1
41,male,no,1857,6,1-4,good,none,none,1
46,female,yes,5886,63,>=7,fair,500-1000,none,0
68,male,no,13945,11,>=7,poor,none,car,0
32,female,yes,8485,49,1-4,good,>=1000,none,1
52,female,yes,14680,29,4-7,fair,<500,none,0
53,male,yes,17767,24,>=7,fair,<500,none,0
60,male,yes,15397,23,>=7,good,<500,car,0
54,male,yes,11744,35,1-4,good,none,none,0
20,female,no,5334,47,1-4,bad,>=1000,none,1
40,female,yes,13226,38,<1,fair,none,real_estate,0
67,female,yes,14440,17,>=7,fair,<500,car,0
25,male,yes,16020,32,<1,fair,<500,real_estate,0
47,female,no,5251,44,1-4,perfect,>=1000,none,1
36,female,yes,13180,14,<1,fair,none,none,0
24,female,no,17140,26,<1,fair,<500,car,1
50,female,yes,1922,34,1-4,fair,<500,none,0
24,female,yes,8957,38,>=7,good,500-1000,none,1
57,female,yes,16796,67,unemployed,perfect,none,none,0
22,male,yes,2230,20,1-4,perfect,none,real_estate,1
42,male,yes,11627,7,unemployed,bad,none,none,0
56,male,yes,11006,57,<1,good,500-1000,real_estate,1
56,female,yes,5933,49,1-4,good,none,real_estate,0
29,male,yes,15295,59,1-4,perfect,<500,none,1
29,female,yes,17377,23,<1,perfect,none,car,1
38,female,no,1203,8,1-4,fair,500-1000,car,1
36,female,yes,17544,12,unemployed,fair,>=1000,real_estate,1
40,male,no,16899,48,1-4,fair,<500,none,0
33,male,yes,4748,43,>=7,good,<500,car,1
28,male,yes,7718,42,>=7,fair,none,none,0
65,female,yes,19965,63,1-4,perfect,none,real_estate,0
20,female,yes,2093,38,1-4,perfect,none,none,1
64,female,yes,16228,64,>=7,good,<500,none,0
32,male,yes,17034,16,unemployed,good,<500,car,1
23,female,yes,6710,27,4-7,good,>=1000,real_estate,1
20,female,yes,10732,71,>=7,fair,<500,car,0
68,male,yes,4191,49,unemployed,fair,<500,none,0
59,female,yes,19221,11,<1,poor,<500,none,0
51,male,yes,1689,47,>=7,good,<500,real_estate,1
53,male,yes,3103,30,1-4,perfect,none,car,0
47,female,no,1365,62,unemployed,good,<500,real_estate,1
50,male,no,15010,60,<1,bad,<500,none,0
27,female,yes,12767,21,1-4,fair,500-1000,none,1
58,female,yes,17103,19,4-7,fair,>=1000,car,0
45,male,yes,13742,44,4-7,perfect,<500,real_estate,1
53,male,yes,13391,33,>=7,fair,none,none,0
22,male,yes,5172,56,<1,perfect,<500,real_estate,1
69,male,yes,16623,54,1-4,fair,<500,car,0
31,male,yes,3378,14,1-4,bad,none,none,0
20,male,yes,18589,63,1-4,bad,500-1000,none,0
63,male,yes,13031,50,<1,fair,>=1000,none,0
24,male,yes,6669,27,>=7,good,>=1000,car,1
49,male,no,3735,37,>=7,bad,none,none,0
49,female,yes,10867,47,1-4,fair,500-1000,none,0
36,female,yes,9490,58,4-7,perfect,500-1000,real_estate,1
67,male,no,1956,64,<1,good,<500,none,1
66,male,yes,10306,44,1-4,good,<500,none,0
42,female,yes,7623,20,4-7,good,500-1000,none,1
34,female,yes,15908,34,1-4,good,<500,car,1
56,female,yes,18858,8,>=7,fair,<500,car,0
40,female,no,5460,15,4-7,good,<500,none,1
33,male,yes,14986,34,1-4,perfect,<500,car,1
21,male,no,13638,40,4-7,fair,none,car,0
30,male,yes,3850,11,<1,poor,>=1000,none,0
58,male,yes,14299,17,1-4,fair,<500,none,0
57,male,yes,11698,43,1-4,good,<500,none,1
53,male,yes,5594,24,1-4,bad,none,none,0
57,male,yes,15282,13,4-7,bad,<500,car,0
69,female,yes,17285,13,1-4,good,none,car,0
53,female,yes,15334,52,4-7,perfect,none,none,0
37,male,yes,7644,9,1-4,fair,<500,none,0
49,female,no,3850,56,1-4,poor,<500,none,0
34,male,yes,15933,50,4-7,bad,<500,car,0
46,female,yes,1165,13,<1,poor,none,none,0
53,male,yes,11701,21,<1,fair,<500,car,0
57,female,no,1919,14,1-4,fair,none,none,0
52,female,yes,9305,65,<1,perfect,>=1000,car,1
43,male,no,18375,20,unemployed,good,<500,real_estate,1
34,male,yes,16715,46,4-7,good,<500,none,1
49,male,yes,4839,27,1-4,fair,<500,none,0
61,male,yes,18642,29,1-4,fair,none,real_estate,0
36,male,no,12618,49,>=7,fair,>=1000,none,1
24,female,yes,14519,6,1-4,good,none,car,1
48,male,yes,11776,15,>=7,fair,<500,none,0
23,female,yes,1067,61,<1,perfect,<500,car,1
29,female,yes,10788,55,1-4,good,none,none,1
36,male,no,6660,17,>=7,poor,500-1000,real_estate,1
29,male,yes,5478,65,1-4,fair,<500,car,0
36,male,no,9210,31,4-7,bad,none,car,0
39,female,yes,11922,46,1-4,good,none,car,1
43,male,yes,4521,41,unemployed,good,none,car,0
24,female,yes,1572,28,1-4,good,500-1000,none,1
53,female,yes,8082,48,1-4,good,<500,real_estate,1
25,male,yes,6395,11,>=7,poor,none,real_estate,0
21,male,yes,16407,48,<1,fair,none,none,0
32,female,yes,19642,30,>=7,poor,<500,real_estate,0
62,female,no,12094,23,>=7,good,<500,car,1
62,male,no,1650,67,<1,poor,<500,car,0
67,male,no,6741,18,1-4,perfect,<500,none,1
30,female,no,14281,48,>=7,poor,none,none,0
66,male,yes,7838,33,>=7,good,<500,none,0
42,female,yes,19971,23,1-4,good,>=1000,none,1
35,male,yes,4262,64,1-4,fair,none,car,0
50,male,yes,18722,65,1-4,bad,<500,none,0
30,female,yes,5996,68,4-7,perfect,<500,none,1
35,male,yes,12826,62,<1,good,<500,real_estate,1
27,male,yes,3827,56,4-7,poor,none,none,0
23,male,yes,15211,61,unemployed,good,500-1000,none,1
59,male,yes,6232,32,unemployed,perfect,<500,none,1
23,female,yes,3217,37,1-4,good,<500,none,1
44,male,yes,15232,14,1-4,good,<500,car,1
22,male,yes,15026,51,1-4,bad,none,car,0
51,female,yes,14878,31,1-4,poor,none,car,0
22,female,yes,7837,13,1-4,fair,500-1000,none,1
46,male,no,8031,11,<1,bad,none,car,0
48,male,yes,15806,29,1-4,good,<500,none,1
51,female,yes,4716,53,>=7,perfect,<500,none,1
69,female,no,4414,50,1-4,good,<500,none,1
38,male,yes,18832,18,1-4,good,<500,none,1
40,male,yes,1570,30,1-4,perfect,<500,none,1
24,male,yes,14288,25,>=7,bad,none,none,0
37,female,yes,19889,71,<1,poor,<500,real_estate,0
47,female,yes,1917,50,4-7,good,<500,none,1
61,female,yes,11066,52,4-7,fair,<500,none,0
41,female,no,7982,68,4-7,fair,none,none,0
40,female,yes,7336,60,unemployed,bad,<500,car,0
25,male,yes,19062,24,4-7,poor,none,none,0
20,male,yes,17999,40,unemployed,fair,none,real_estate,0
24,male,yes,10941,58,1-4,poor,none,real_estate,0
60,male,yes,13380,31,4-7,fair,500-1000,none,0
31,female,yes,12667,19,<1,fair,none,none,0
45,male,no,5529,50,4-7,perfect,none,none,1
65,male,yes,18519,49,unemployed,perfect,none,car,0
53,male,yes,13192,70,4-7,fair,none,none,0
68,male,yes,9566,56,1-4,good,<500,none,0
33,male,yes,8226,48,<1,perfect,none,none,1
45,male,yes,6162,28,<1,fair,none,car,0
64,female,yes,17590,61,>=7,perfect,<500,none,0
46,male,yes,2319,24,unemployed,fair,<500,none,0
28,female,yes,2141,60,<1,fair,500-1000,car,1
45,male,no,5627,65,1-4,bad,<500,car,0
66,male,yes,15501,64,4-7,good,none,real_estate,0
41,male,no,3690,38,1-4,perfect,<500,none,1
66,male,yes,8323,24,<1,fair,none,car,0
49,female,yes,4255,33,<1,poor,<500,car,0
62,male,yes,6213,57,<1,bad,<500,none,0
67,male,yes,5108,54,<1,good,none,car,0
36,female,yes,19241,42,1-4,good,<500,none,1
45,male,yes,10802,31,4-7,bad,500-1000,real_estate,0
55,male,yes,12413,45,<1,perfect,>=1000,none,1
20,female,yes,15995,43,1-4,fair,<500,car,0
27,female,yes,13583,59,1-4,good,<500,none,1
68,male,no,6021,27,>=7,perfect,none,real_estate,0
54,female,yes,19771,21,>=7,good,none,none,0
34,female,yes,7582,33,4-7,good,<500,real_estate,1
66,male,yes,14455,40,<1,fair,<500,real_estate,0
41,female,no,14117,65,unemployed,bad,>=1000,none,0
33,male,no,19950,50,1-4,good,<500,real_estate,1
45,male,yes,18359,51,<1,poor,<500,real_estate,0
47,male,yes,2262,60,1-4,perfect,<500,none,1
42,male,yes,8382,31,4-7,fair,500-1000,none,0
33,female,yes,4327,30,>=7,perfect,<500,car,1
43,male,yes,19643,70,4-7,bad,<500,none,0
21,female,yes,11020,11,1-4,poor,<500,none,0
64,female,yes,18641,28,4-7,fair,500-1000,none,0
45,male,yes,17848,69,1-4,poor,none,none,0
33,female,no,15062,48,unemployed,fair,500-1000,none,1
26,male,yes,7774,28,4-7,bad,<500,none,0
22,male,yes,16160,35,unemployed,fair,<500,real_estate,0
66,female,yes,2230,23,1-4,bad,<500,car,0
42,male,no,10076,26,1-4,fair,<500,none,0
65,male,yes,4805,62,4-7,perfect,none,car,0
62,male,no,15715,28,4-7,fair,500-1000,car,0
66,male,no,6750,50,1-4,perfect,<500,real_estate,1
64,male,yes,16627,49,4-7,fair,<500,none,0
37,male,yes,14232,52,<1,good,none,none,1
57,female,no,4135,45,1-4,fair,<500,real_estate,0
54,male,yes,7953,56,4-7,perfect,<500,real_estate,1
34,male,no,2546,47,4-7,perfect,<500,car,1
44,male,no,16457,12,>=7,good,<500,car,1
56,male,yes,18478,55,<1,bad,<500,none,0
47,female,yes,3411,53,4-7,good,>=1000,car,1
29,female,no,15113,11,4-7,good,<500,none,1
58,female,yes,5145,14,>=7,fair,500-1000,none,0
36,male,yes,3775,62,<1,fair,none,real_estate,0
58,male,yes,14193,36,4-7,good,<500,none,1
41,male,yes,13851,26,1-4,good,<500,none,1
45,female,no,14070,45,<1,good,<500,real_estate,1
63,male,no,4970,50,1-4,bad,500-1000,none,0
44,male,yes,15119,54,1-4,perfect,none,real_estate,0
36,female,yes,5331,25,1-4,good,none,real_estate,1
32,male,yes,11295,22,>=7,perfect,500-1000,car,1
39,male,no,2942,33,1-4,good,none,none,1
44,male,yes,17575,46,4-7,poor,<500,none,0
23,female,yes,14404,71,1-4,good,<500,none,1
29,male,yes,1861,30,unemployed,perfect,500-1000,none,1
22,female,yes,10275,63,<1,good,none,none,1
60,female,no,18033,46,1-4,perfect,none,real_estate,0
64,male,yes,5134,11,1-4,perfect,<500,none,0
37,female,yes,12803,43,<1,poor,>=1000,car,0
66,male,yes,16408,11,1-4,poor,<500,none,0
55,male,no,18420,50,1-4,bad,<500,car,0
66,female,yes,17351,19,<1,poor,<500,real_estate,0
41,female,yes,5131,71,1-4,fair,>=1000,none,0
53,female,yes,19532,45,<1,perfect,500-1000,none,1
66,male,no,13057,8,>=7,poor,>=1000,car,0
27,male,yes,12349,29,>=7,poor,none,car,0
59,male,yes,12486,24,4-7,poor,none,car,0
68,male,yes,6457,23,<1,fair,<500,none,0
63,male,yes,7079,69,4-7,good,500-1000,none,1
38,male,yes,13453,40,4-7,poor,none,real_estate,0
61,male,no,19814,67,4-7,fair,none,real_estate,0
60,male,yes,19263,6,<1,bad,500-1000,none,0
56,male,yes,13158,30,4-7,perfect,none,real_estate,0
25,male,yes,16735,50,4-7,good,<500,none,1
45,female,yes,16830,54,1-4,good,<500,none,1
53,male,yes,16125,21,4-7,poor,<500,none,0
64,female,no,12905,24,1-4,perfect,500-1000,none,1
25,female,yes,13298,28,1-4,perfect,<500,car,1
56,male,yes,3011,30,unemployed,bad,<500,none,0
